id;ref;sum;date;state;pool_id;user_id
1;portal reboot;66933;2022-09-11T00:48:28;COMPLETED;1;1
2;Peso Handcrafted;92349;2022-09-10T14:38:24;PROCESSING;2;1
3;Keys online;61547;2022-09-10T13:56:45;SHIPPED;3;1
4;HDD;67206;2022-09-11T08:49:39;COMPLETED;4;1
5;Investment synergize;89808;2022-09-10T15:26:56;COMPLETED;5;1
6;Oval Creek;74641;2022-09-11T05:38:58;SHIPPED;6;1
7;Virginia Finland;7374;2022-09-11T08:17:11;COMPLETED;7;2
8;Cotton olive Response;59271;2022-09-10T12:37:10;SHIPPED;8;2
9;Grove client-server;30058;2022-09-10T22:16:15;SHIPPED;9;2
10;Regional;93769;2022-09-11T07:18:00;PROCESSING;10;2
